{"Labels": {"_type": "images/separated", "width": 2000, "height": 2000, "format": "jpg", "count": 2, "captions": ["labels_correlogram.jpg", "labels.jpg"]}, "_step": 1015, "_runtime": 26822, "_timestamp": 1610093486, "Mosaics": {"_type": "images/separated", "width": 1280, "height": 1280, "format": "jpg", "count": 3, "captions": ["train_batch0.jpg", "train_batch1.jpg", "train_batch2.jpg"]}, "train/box_loss": 0.04437919333577156, "train/obj_loss": 0.017866987735033035, "train/cls_loss": 0.0031791587825864553, "metrics/precision": 0.21428091555175927, "metrics/recall": 0.3637552118773733, "metrics/mAP_0.5": 0.25830785360781566, "metrics/mAP_0.5:0.95": 0.09074341416468454, "val/box_loss": 0.05499017983675003, "val/obj_loss": 0.01629132777452469, "val/cls_loss": 0.014107284136116505, "x/lr0": 0.0030841254903143547, "x/lr1": 0.0030841254903143547, "x/lr2": 0.0030841254903143547}