{"Labels": {"_type": "images/separated", "width": 2000, "height": 2000, "format": "jpg", "count": 2, "captions": ["labels_correlogram.jpg", "labels.jpg"]}, "_step": 508, "_runtime": 47238, "_timestamp": 1610142526, "Mosaics": {"_type": "images/separated", "width": 1280, "height": 1280, "format": "jpg", "count": 3, "captions": ["train_batch0.jpg", "train_batch1.jpg", "train_batch2.jpg"]}, "train/box_loss": 0.05013851076364517, "train/obj_loss": 0.01928693987429142, "train/cls_loss": 0.006508296355605125, "metrics/precision": 0.2105900147996281, "metrics/recall": 0.4057941485367998, "metrics/mAP_0.5": 0.2879403376710833, "metrics/mAP_0.5:0.95": 0.10309678085881305, "val/box_loss": 0.05284741893410683, "val/obj_loss": 0.016159653663635254, "val/cls_loss": 0.011234098114073277, "x/lr0": 0.0075885915625391225, "x/lr1": 0.0075885915625391225, "x/lr2": 0.0075885915625391225}